dataset_name,size,knn,α_plus_β,α,β,known_labels,balanced,acc,prec,rec
iris_test,150,15,1,0.1,0.9,10.0,true,93.2,94.43007779684665,93.20000000000002
iris_test,150,15,1,0.1,0.9,17.5,true,96.80000000000001,97.01657942873422,96.8
iris_test,150,15,1,0.1,0.9,25.0,true,96.4,96.60751088788405,96.4
iris_test,150,15,1,0.1,0.9,32.5,true,97.86666666666667,97.92087361661358,97.86666666666666
iris_test,150,15,1,0.1,0.9,40.0,true,97.46666666666667,97.5223594781251,97.46666666666667
